id,full_name,user_type
1,Ailey Bisgrove,2
2,Horace Huby,1
3,Georges Keller,3
4,Richmond Kilpin,1
5,Pippa Gillet,2
6,Danny Lackham,1
7,Katherina Bee,2
8,Valentijn Kebbell,3
9,Myron Jose,1
10,Beaufort Brittoner,2
11,Luz Trace,2
12,Alberta Roddy,1
13,Zachariah Paoletto,1
14,Franciska Blanning,1
15,Raychel Loidl,2
16,Larissa Gibbon,3
17,Bride Duckinfield,3
18,Sigfried Lepard,3
19,Ellissa Taile,2
20,Gunar Foffano,3
21,Arabel Ducrow,3
22,Goran Vayro,1
23,Marita Pierro,2
24,Dalton Dainty,2
25,Mathias Presdee,3
26,Antonie Lyvon,3
27,Steffane Eslie,3
28,Waylen Crowest,3
29,Cloris Furmenger,1
30,Averil Toor,1
31,Korrie McGarrie,2
32,Robby Dafforne,2
33,Venus Elster,2
34,Janean Cashman,2
35,Shena Gavrielli,2
36,Michaela Stanmore,2
37,Kahlil Penkethman,2
38,Brier Bunford,1
39,Mata Styant,1
40,Catherine Witterick,2
41,Consolata McNeigh,3
42,Pepe Ropkes,2
43,Hazlett Criag,3
44,Roderich Bedbrough,1
45,Hilary Rosbottom,3
46,Murvyn Plak,1
47,Hattie Revington,1
48,Dicky Galvan,1
49,Ferdy Jobin,2
50,Jimmy Clue,1
51,Kerrie Father,2
52,Coralie Joffe,1
53,Gardner Obin,3
54,Noelle McNiff,1
55,Burnard Edgar,3
56,Anson Masterson,1
57,Willis Bulward,2
58,Adelina Wackley,3
59,Georgeanna Mannie,1
60,Oswell Girodin,3
61,Janot Le Provost,3
62,Rodi Draye,3
63,Jordanna Bausor,1
64,Stacia Mauditt,1
65,Sharon Malkin,3
66,Stanislaus Tregust,1
67,Caritta McVey,1
68,Craggy Coveley,3
69,Vladimir Peabody,1
70,Pollyanna Pennycook,1
71,Eveline Beade,1
72,Jacquelyn Farron,3
73,Jany Greenrod,3
74,Humbert Dolbey,1
75,Carlye Souster,1
76,Sly Paszak,1
77,Cindi Fitzharris,3
78,Der Powell,2
79,Barbe Vesque,2
80,Chantal Garthshore,1
81,Dayle Huws,1
82,Dalia Pepineaux,1
83,Gram Sandy,2
84,Charlean McPaik,1
85,Mendie Leivesley,3
86,Pierrette Galtone,3
87,Chris Bythell,2
88,Fred Kordt,2
89,Frederik Kinton,1
90,Pansy Pury,3
91,Maddy Andrzej,3
92,Emmeline Ahlf,1
93,Artie Kemery,2
94,Aura Agius,1
95,Ardella Beretta,1
96,Emmi Iseton,3
97,Gamaliel Rome,3
98,Shantee Klaassens,3
99,Lorianne Quernel,3
100,Finn Albutt,1
